"场景","表号基线","表号Logistic","表号Change","队列","n_before","n_after","基线含Leisure","T1切点","T2切点","T3切点","连续_Crude_OR","连续_M1_OR","连续_M2_OR","连续_M2_CI","连续_M2_P","T2_M2_OR","T2_M2_CI","T2_M2_P","T3_M2_OR","T3_M2_CI","T3_M2_P","p_trend_M2","Model2脚注","Logistic文件"
"①剔除共病≥2","S9-CLHLS","S10-CLHLS","S11","CLHLS","1032","1025",TRUE,"< 4","4 -< 6","≥ 6","0.725","0.827","0.814","(0.762,0.867)","P < 0.001","0.754","(0.506,1.125)","0.1666","0.34","(0.231,0.5)","P < 0.001","P < 0.001","The Model 2 was adjusted by: Age, Education, Alcohol drinking, Hypertension, Total Cholesterol, HDL.","Table S10-CLHLS. Sensitivity exclude chronic ge2 — Logistic regression Leisure_activities and Dementia - tertile (GLM).xlsx"
"①剔除共病≥2","S9-SHARE","S10-SHARE","S11","SHARE","14682","12026",TRUE,"< 4","4 -< 7","≥ 7","0.6","0.635","0.636","(0.61,0.662)","P < 0.001","0.216","(0.171,0.27)","P < 0.001","0.061","(0.04,0.089)","P < 0.001","P < 0.001","The Model 2 was adjusted by: Age, Education, Alcohol drinking, Hypertension, Total Cholesterol, HDL.","Table S10-SHARE. Sensitivity exclude chronic ge2 — Logistic regression Leisure_activities and Dementia - tertile (GLM).xlsx"
"①剔除共病≥2","S9-HRS","S10-HRS","S11","HRS","5361","4112",TRUE,"< 8","8 -< 11","≥ 11","0.798","0.858","0.86","(0.808,0.914)","P < 0.001","0.459","(0.265,0.768)","0.004","0.295","(0.154,0.531)","1e-04","P < 0.001","The Model 2 was adjusted by: Age, Education, Alcohol drinking, Hypertension, Total Cholesterol, HDL.","Table S10-HRS. Sensitivity exclude chronic ge2 — Logistic regression Leisure_activities and Dementia - tertile (GLM).xlsx"
"①剔除共病≥2","S9-ELSA","S10-ELSA","S11","ELSA","5049","4664",TRUE,"< 7","7 -< 12","≥ 12","0.858","0.881","0.889","(0.851,0.927)","P < 0.001","0.424","(0.284,0.627)","P < 0.001","0.362","(0.223,0.576)","P < 0.001","P < 0.001","The Model 2 was adjusted by: Age, Education, Alcohol drinking, Hypertension, Total Cholesterol, HDL.","Table S10-ELSA. Sensitivity exclude chronic ge2 — Logistic regression Leisure_activities and Dementia - tertile (GLM).xlsx"
"②完整病例","S12-CLHLS","S13-CLHLS","S14","CLHLS","1032","993",TRUE,"< 4","4 -< 6","≥ 6","0.727","0.831","0.817","(0.764,0.872)","P < 0.001","0.755","(0.502,1.137)","0.1787","0.344","(0.231,0.509)","P < 0.001","P < 0.001","The Model 2 was adjusted by: Age, Education, Alcohol drinking, Hypertension, Total Cholesterol, HDL.","Table S13-CLHLS. Sensitivity complete case unimputed — Logistic regression Leisure_activities and Dementia - tertile (GLM).xlsx"
"②完整病例","S12-SHARE","S13-SHARE","S14","SHARE","14682","13893",TRUE,"< 4","4 -< 7","≥ 7","0.678","0.715","0.717","(0.678,0.756)","P < 0.001","0.29","(0.206,0.399)","P < 0.001","0.099","(0.055,0.165)","P < 0.001","P < 0.001","The Model 2 was adjusted by: Age, Education, Alcohol drinking, Hypertension, Total Cholesterol, HDL.","Table S13-SHARE. Sensitivity complete case unimputed — Logistic regression Leisure_activities and Dementia - tertile (GLM).xlsx"
"②完整病例","S12-HRS","S13-HRS","S14","HRS","5361","5135",TRUE,"< 8","8 -< 11","≥ 11","0.812","0.872","0.875","(0.831,0.921)","P < 0.001","0.477","(0.303,0.73)","9e-04","0.317","(0.183,0.524)","P < 0.001","P < 0.001","The Model 2 was adjusted by: Age, Education, Alcohol drinking, Hypertension, Total Cholesterol, HDL.","Table S13-HRS. Sensitivity complete case unimputed — Logistic regression Leisure_activities and Dementia - tertile (GLM).xlsx"
"②完整病例","S12-ELSA","S13-ELSA","S14","ELSA","5049","4515",TRUE,"< 7","7 -< 12","≥ 12","0.878","0.905","0.911","(0.866,0.957)","2e-04","0.378","(0.227,0.615)","1e-04","0.466","(0.268,0.793)","0.0056","0.0018","The Model 2 was adjusted by: Age, Education, Alcohol drinking, Hypertension, Total Cholesterol, HDL.","Table S13-ELSA. Sensitivity complete case unimputed — Logistic regression Leisure_activities and Dementia - tertile (GLM).xlsx"
"③剔除≤2年发病","S15-CLHLS","S16-CLHLS","S17","CLHLS","1032","1032",TRUE,"< 4","4 -< 6","≥ 6","0.726","0.829","0.815","(0.763,0.869)","P < 0.001","0.765","(0.513,1.14)","0.1874","0.347","(0.236,0.509)","P < 0.001","P < 0.001","The Model 2 was adjusted by: Age, Education, Alcohol drinking, Hypertension, Total Cholesterol, HDL.","Table S16-CLHLS. Sensitivity exclude event within 2y — Logistic regression Leisure_activities and Dementia - tertile (GLM).xlsx"
"③剔除≤2年发病","S15-SHARE","S16-SHARE","S17","SHARE","14682","14642",TRUE,"< 3","3 -< 7","≥ 7","0.607","0.641","0.642","(0.62,0.663)","P < 0.001","0.181","(0.154,0.212)","P < 0.001","0.044","(0.032,0.061)","P < 0.001","P < 0.001","The Model 2 was adjusted by: Age, Education, Alcohol drinking, Hypertension, Total Cholesterol, HDL.","Table S16-SHARE. Sensitivity exclude event within 2y — Logistic regression Leisure_activities and Dementia - tertile (GLM).xlsx"
"③剔除≤2年发病","S15-HRS","S16-HRS","S17","HRS","5361","5361",TRUE,"< 8","8 -< 11","≥ 11","0.806","0.864","0.867","(0.825,0.911)","P < 0.001","0.464","(0.298,0.704)","4e-04","0.295","(0.171,0.485)","P < 0.001","P < 0.001","The Model 2 was adjusted by: Age, Education, Alcohol drinking, Hypertension, Total Cholesterol, HDL.","Table S16-HRS. Sensitivity exclude event within 2y — Logistic regression Leisure_activities and Dementia - tertile (GLM).xlsx"
"③剔除≤2年发病","S15-ELSA","S16-ELSA","S17","ELSA","5049","5049",TRUE,"< 7","7 -< 11","≥ 11","0.855","0.882","0.89","(0.855,0.925)","P < 0.001","0.456","(0.309,0.662)","1e-04","0.34","(0.221,0.517)","P < 0.001","P < 0.001","The Model 2 was adjusted by: Age, Education, Alcohol drinking, Hypertension, Total Cholesterol, HDL.","Table S16-ELSA. Sensitivity exclude event within 2y — Logistic regression Leisure_activities and Dementia - tertile (GLM).xlsx"
