feature,official_lod,source
URXCEM,6.96,UVOC_H (2013-2014) wwwn.cdc.gov/Nchs/Data/Nhanes/Public/2013/DataFiles/UVOC_H.htm
URXHPM,13.0,UVOC_H (2013-2014)
URX34M,8.00,UVOC_H (2013-2014)
URXDHB,5.25,UVOC_H (2013-2014)
URX1DC,12.6,UVOC_G/H (2011-2016)
URXAMC,6.26,UVOC_H (2013-2014)
URXAAM,2.20,UVOC_H (2013-2014)
URXPHG,12.0,UVOC_H (2013-2014)
URXPMM,1.13; 1.70,UVOC_G=1.13 (2011-12); UVOC_H/I=1.70 (2013-18)
URXBMA,0.500,UVOC_H (2013-2014)
URXMB3,0.600,UVOC_H (2013-2014)
URXUBA,0.12; 0.10; 0.060,UMS_F=0.12(09-10); UHM_G=0.10(11-12); UMS_H/I/J=0.060(13-18)
URXUCS,0.066; 0.12; 0.086,UHM_F=0.066(09-10); UHM_G=0.12(11-12); UMS_H/I/J=0.086(13-18)
URXUMO,0.92; 0.99; 0.80,UHM_F=0.92(09-10); UHM_G=0.99(11-12); UMS_H/I/J=0.80(13-18)
URXUTL,0.015; 0.02; 0.018,UHM_F=0.015(09-10); UHM_G=0.02(11-12); UMS_H/I/J=0.018(13-18)
URXP01,44; 60,PAH_F/G=44(09-12); PAH_H/I=60(13-16)
URXP02,42; 90,PAH_F/G=42(09-12); PAH_H/I=90(13-16)
URXP04,10; 8,PAH_F/G=10(09-12); PAH_H/I=8(13-16)
URXP06,10; 9,PAH_F/G=10(09-12); PAH_H/I=9(13-16)
URXP25,10,PAH_I=10 (2015-2016 only)
URXUAB,0.4; 1.19; 1.16,UAS_D/E=0.4(03-08); UAS_G=1.19(11-12); UAS_I/J=1.16(15-18)
URXUAC,0.6; 0.28; 0.11,UAS_E=0.6(07-08); UAS_G=0.28(11-12); UAS_I/J=0.11(15-18)
URXUAS3,1.2; 0.48; 0.12,UAS_D/E=1.2(03-08); UAS_G=0.48(11-12); UAS_I/J=0.12(15-18)
URXUAS5,1.0; 0.87; 0.79,UAS_D/E=1.0(03-08); UAS_G=0.87(11-12); UAS_I/J=0.79(15-18)
URXUDMA,1.7; 1.80; 1.91,UAS_E=1.7(07-08); UAS_G=1.80(11-12); UAS_I/J=1.91(15-18)
URXUMMA,0.9; 0.89; 0.20,UAS_D/E=0.9(03-08); UAS_G=0.89(11-12); UAS_I/J=0.20(15-18)
URXCOTT,0.03,UCOTS_H/I + UCOT_J = 0.03 (2013-2018, urine ng/mL)
URXHCTT,0.03,UCOTS_H/I + UCOT_J = 0.03 (2013-2018)
URXNDEA,5.02,VNAS_H (2013-2014, ng/L)
URXNMEA,3.64,VNAS_H (2013-2014)
URXNMOR,7.84,VNAS_H (2013-2014)
URXNPIP,5.08,VNAS_H (2013-2014)
URXNPYR,8.15,VNAS_H (2013-2014)
URX1NP,1.29,AAS_H (2013-2014, pg/mL)
URX2NP,2.79,AAS_H (2013-2014)
URX4BP,1.75,AAS_H (2013-2014)
URXANS,7.02,AAS_H (2013-2014)
URXDMN,15.67,AAS_H (2013-2014)
URXOTD,111.22,AAS_H (2013-2014)
LBXACR,3.00; 3.90,L06AGE_C/AMDGYD_D=3.00(03-06); AMDGYD_H/I=3.90(13-16) pmol/g Hb
LBXGLY,4.00; 4.90,L06AGE_C/AMDGYD_D=4.00(03-06); AMDGYD_H/I=4.90(13-16)
LBXEOA,8.20; 12.9,ETHOX_H/I=8.20(13-16); ETHOX_J=12.9(17-18) pmol/g Hb
LBXFOR,0.67,FORMAL_H/I=0.67 (2013-2016) nmol/g Hb
