feature,cycle,official_lod,source
URXCEM,2011-2012,6.96,UVOC_G
URXCEM,2013-2014,6.96,UVOC_H
URXCEM,2015-2016,6.96,UVOC_I
URXCEM,2017-2018,6.96,P_UVOC
URXHPM,2011-2012,13.0,UVOC_G
URXHPM,2013-2014,13.0,UVOC_H
URXHPM,2015-2016,13.0,UVOC_I
URXHPM,2017-2018,13.0,P_UVOC
URX34M,2011-2012,8.00,UVOC_G
URX34M,2013-2014,8.00,UVOC_H
URX34M,2015-2016,8.00,UVOC_I
URX34M,2017-2018,8.00,P_UVOC
URXDHB,2011-2012,5.25,UVOC_G
URXDHB,2013-2014,5.25,UVOC_H
URXDHB,2015-2016,5.25,UVOC_I
URXDHB,2017-2018,5.25,P_UVOC
URX1DC,2011-2012,12.6,UVOC_G
URX1DC,2013-2014,12.6,UVOC_H
URX1DC,2015-2016,12.6,UVOC_I
URXAMC,2011-2012,6.26,UVOC_G
URXAMC,2013-2014,6.26,UVOC_H
URXAMC,2015-2016,6.26,UVOC_I
URXAMC,2017-2018,6.26,P_UVOC
URXAAM,2011-2012,2.20,UVOC_G
URXAAM,2013-2014,2.20,UVOC_H
URXAAM,2015-2016,2.20,UVOC_I
URXAAM,2017-2018,2.20,P_UVOC
URXPHG,2011-2012,12.0,UVOC_G
URXPHG,2013-2014,12.0,UVOC_H
URXPHG,2015-2016,12.0,UVOC_I
URXPHG,2017-2018,12.0,P_UVOC
URXPMM,2011-2012,1.13,UVOC_G
URXPMM,2013-2014,1.70,UVOC_H
URXPMM,2015-2016,1.70,UVOC_I
URXPMM,2017-2018,1.70,P_UVOC
URXBMA,2011-2012,0.500,UVOC_G
URXBMA,2013-2014,0.500,UVOC_H
URXBMA,2015-2016,0.500,UVOC_I
URXBMA,2017-2018,0.500,P_UVOC
URXMB3,2011-2012,0.600,UVOC_G
URXMB3,2013-2014,0.600,UVOC_H
URXMB3,2015-2016,0.600,UVOC_I
URXMB3,2017-2018,0.600,P_UVOC
URXUBA,2009-2010,0.12,UHM_F
URXUBA,2011-2012,0.10,UHM_G
URXUBA,2013-2014,0.060,UMS_H
URXUBA,2015-2016,0.060,UMS_I
URXUBA,2017-2018,0.060,UM_J
URXUCS,2009-2010,0.066,UHM_F
URXUCS,2011-2012,0.12,UHM_G
URXUCS,2013-2014,0.086,UMS_H
URXUCS,2015-2016,0.086,UMS_I
URXUCS,2017-2018,0.086,UM_J
URXUMO,2009-2010,0.92,UHM_F
URXUMO,2011-2012,0.99,UHM_G
URXUMO,2013-2014,0.800,UMS_H
URXUMO,2015-2016,0.800,UMS_I
URXUMO,2017-2018,0.80,UM_J
URXUTL,2009-2010,0.015,UHM_F
URXUTL,2011-2012,0.02,UHM_G
URXUTL,2013-2014,0.018,UMS_H
URXUTL,2015-2016,0.018,UMS_I
URXUTL,2017-2018,0.018,UM_J
URXP01,2009-2010,44,PAH_F
URXP01,2011-2012,44,PAH_G
URXP01,2013-2014,60,PAH_H
URXP01,2015-2016,60,PAH_I
URXP02,2009-2010,42,PAH_F
URXP02,2011-2012,42,PAH_G
URXP02,2013-2014,90,PAH_H
URXP02,2015-2016,90,PAH_I
URXP04,2009-2010,10,PAH_F
URXP04,2011-2012,10,PAH_G
URXP04,2013-2014,8,PAH_H
URXP04,2015-2016,8,PAH_I
URXP06,2009-2010,10,PAH_F
URXP06,2011-2012,10,PAH_G
URXP06,2013-2014,9,PAH_H
URXP06,2015-2016,9,PAH_I
URXP25,2015-2016,10,PAH_I
URXUAB,2003-2004,0.4,UAS_C/D/E
URXUAB,2005-2006,0.4,UAS_D
URXUAB,2007-2008,0.4,UAS_E
URXUAB,2011-2012,1.19,UAS_G
URXUAB,2015-2016,1.16,UAS_I
URXUAB,2017-2018,1.16,UAS_J
URXUAC,2003-2004,0.6,UAS_C/E
URXUAC,2007-2008,0.6,UAS_E
URXUAC,2011-2012,0.28,UAS_G
URXUAC,2015-2016,0.11,UAS_I
URXUAC,2017-2018,0.11,UAS_J
URXUAS3,2003-2004,1.2,UAS_C/D/E
URXUAS3,2005-2006,1.2,UAS_D
URXUAS3,2007-2008,1.2,UAS_E
URXUAS3,2011-2012,0.48,UAS_G
URXUAS3,2015-2016,0.12,UAS_I
URXUAS3,2017-2018,0.12,UAS_J
URXUAS5,2003-2004,1.0,UAS_C/D/E
URXUAS5,2005-2006,1.0,UAS_D
URXUAS5,2007-2008,1.0,UAS_E
URXUAS5,2011-2012,0.87,UAS_G
URXUAS5,2015-2016,0.79,UAS_I
URXUAS5,2017-2018,0.79,UAS_J
URXUDMA,2003-2004,1.7,UAS_C/E
URXUDMA,2007-2008,1.7,UAS_E
URXUDMA,2011-2012,1.80,UAS_G
URXUDMA,2015-2016,1.91,UAS_I
URXUDMA,2017-2018,1.91,UAS_J
URXUMMA,2003-2004,0.9,UAS_C/D/E
URXUMMA,2005-2006,0.9,UAS_D
URXUMMA,2007-2008,0.9,UAS_E
URXUMMA,2011-2012,0.89,UAS_G
URXUMMA,2015-2016,0.20,UAS_I
URXUMMA,2017-2018,0.20,UAS_J
URXCOTT,2013-2014,0.03,UCOTS_H
URXCOTT,2015-2016,0.03,UCOT_I
URXCOTT,2017-2018,0.03,UCOT_J
URXHCTT,2013-2014,0.03,UCOTS_H
URXHCTT,2015-2016,0.03,UCOT_I
URXHCTT,2017-2018,0.03,UCOT_J
URXNDEA,2013-2014,5.02,VNAS_H
URXNMEA,2013-2014,3.64,VNAS_H
URXNMOR,2013-2014,7.84,VNAS_H
URXNPIP,2013-2014,5.08,VNAS_H
URXNPYR,2013-2014,8.15,VNAS_H
URX1NP,2013-2014,1.29,AAS_H
URX2NP,2013-2014,2.79,AAS_H
URX4BP,2013-2014,1.75,AAS_H
URXANS,2013-2014,7.02,AAS_H
URXDMN,2013-2014,15.67,AAS_H
URXOTD,2013-2014,111.22,AAS_H
LBXACR,2003-2004,3.00,L06AGE_C
LBXACR,2005-2006,3.00,AMDGYD_D
LBXACR,2013-2014,3.90,AMDGYD_H
LBXACR,2015-2016,3.90,AMDGYD_I
LBXGLY,2003-2004,4.00,L06AGE_C
LBXGLY,2005-2006,4.00,AMDGYD_D
LBXGLY,2013-2014,4.90,AMDGYD_H
LBXGLY,2015-2016,4.90,AMDGYD_I
LBXEOA,2013-2014,8.20,ETHOX_H
LBXEOA,2015-2016,8.20,ETHOX_I
LBXEOA,2017-2018,12.9,ETHOX_J
LBXFOR,2013-2014,0.67,FORMAL_H
LBXFOR,2015-2016,0.67,FORMAL_I
