"stem","short_label","display_name","group","aliases"
"condition1","C1","Abdominal obesity","Circadian","qm002;wstval;WSTVAL;BMXWAIST;waist"
"condition2","C2","Elevated triglycerides","Circadian","LBXTR;newtg;trig;BPQ090D"
"condition3","C3","Low HDL cholesterol","Circadian","LBDHDD;newhdl;hdl"
"condition4","C4","Elevated blood pressure","Circadian","BPXSY1;BPQ050A;hemda;HeMDa;sysval;SYSVAL"
"condition5","C5","Elevated fasting glucose","Circadian","LBXGLU;hba1c;DI070;newglu;fglu;hedimdi"
"condition6","C6","Short sleep duration","Circadian","SLD01;da049;heslpe"
"condition7","C7","Depression","Circadian","CES_D10;CES_D8;DPQ020"
"DN","DN","Circadian syndrome","Outcome","Disease_Group;circadian_disorder"
"met_count","met","Circadian component count","Other",""
"psceda","DN1","Frustrated","Depression","CESD1;PScedA"
"pscedb","DN2","Futility","Depression","CESD2;PScedB"
"pscedc","DN3","Sleep","Depression","CESD3;PScedC"
"pscedd","DN4","Happiness","Depression","CESD4;PScedD"
"pscede","DN5","Lonely","Depression","CESD5;PScedE"
"pscedf","DN6","Ability to enjoy life","Depression","CESD6;PScedF"
"pscedg","DN7","Sad","Depression","CESD7;PScedG"
"pscedh","DN8","Inability to make progress","Depression","CESD8;PScedH"
"hibpe","","Hypertension","Comorbidity","hedimbp;hypertension"
"diabe","","Diabetes","Comorbidity","hedbts;diabetes"
"cancre","","Cancer","Comorbidity","hedibca;cancer"
"lunge","","Chronic lung disease","Comorbidity","hediblu;lung_disease"
"psyche","","Psychiatric problems","Comorbidity","hedibps;spirit"
"memrye","","Memory problems","Comorbidity","hedibpd;dementia"
"arthre","","Arthritis","Comorbidity","hedibar;arthritis"
"dressa","","Dressing","ADL","headldr"
"batha","","Bathing","ADL","headlba"
"eata","","Eating","ADL","headlea"
"beda","","Getting in/out of bed","ADL","headlbe"
"toilta","","Using toilet","ADL","headlwc"
"mealsa","","Preparing meals","IADL","headlpr"
"shopa","","Shopping","IADL","headlsh"
"medsa","","Taking medications","IADL","headlme"
"moneya","","Managing money","IADL","headlmo"
"srh","","Self-rated health","Mobility","hehelf"
"armsa","","Reaching arms","Mobility","hemobre"
"chaira","","Getting up from chair","Mobility","hemobch"
"climsa","","Climbing stairs","Mobility","hemobcs"
"dimea","","Picking up a coin","Mobility","hemobpi"
"lifta","","Lifting heavy objects","Mobility","hemobli"
"stoopa","","Stooping/kneeling","Mobility","hemobst"
"walk100a","","Walking 100m","Mobility","walk10;walk100;hemobwa"
"glass","","Eyesight","Sensory","heeye"
"hear","","Hearing","Sensory","hehear"
"FI","FI","Frailty index","Index","Frailty;frailty26_total"
"AIP_FI","AIP-FI","AIP-frailty index","Index",""
"Disease01","D1","Incident disease","Outcome","Sarcopenia;sarcop"
"Triglycerides","L1","Triglycerides","Lipid","newtg;trig;TG"
"HDL_Cholesterol","L2","HDL cholesterol","Lipid","newhdl;hdl;HDL"
"ePWV","ePWV","Estimated pulse wave velocity","Index",""
"TyG","TyG","Triglyceride-glucose index","Index",""
"TyG_BMI","TyG_BMI","TyG-BMI","Index",""
"TyG_WC","TyG_WC","TyG-waist circumference","Index",""
"TyG_WHtR","TyG_WHtR","TyG-WHtR","Index",""
"TyG_WWI","TyG_WWI","TyG-WWI","Index",""
"TyG_ABSI","TyG_ABSI","TyG-ABSI","Index",""
"PHR","PHR","Platelet to HDL ratio","Index",""
"HHR","HHR","Hemoglobin to hematocrit ratio","Index",""
"UA_CrR","UA_CrR","Uric acid to creatinine ratio","Index",""
"NLR","NLR","Neutrophil to lymphocyte ratio","Index",""
"PLR","PLR","Platelet to lymphocyte ratio","Index",""
"SII","SII","Systemic immune-inflammation index","Index",""
"SIRI","SIRI","Systemic inflammation response index","Index",""
"AIP","AIP","Atherogenic index of plasma","Index",""
"WWI","WWI","Weight-adjusted waist index","Index",""
"WHtR","WHtR","Waist-to-height ratio","Index",""
"ABSI","ABSI","A body shape index","Index",""
"BRI","BRI","Body roundness index","Index",""
"CMI","CMI","Cardiometabolic index","Index",""
"VAI","VAI","Visceral adiposity index","Index",""
"LAP","LAP","Lipid accumulation product","Index",""
"CRI_I","CRI_I","Castelli risk index I","Index",""
"CRI_II","CRI_II","Castelli risk index II","Index",""
"NHHR","NHHR","Non-HDL to HDL ratio","Index",""
"TG_HDL_C","TG_HDL_C","Triglyceride to HDL ratio","Index",""
"TC_HDL","TC_HDL","Total cholesterol to HDL ratio","Index",""
"FIB4","FIB4","Fibrosis-4 index","Index",""
"APRI","APRI","AST to platelet ratio index","Index",""
"ALBI","ALBI","ALBI score","Index",""
"PNI","PNI","Prognostic nutritional index","Index",""
"EASIX","EASIX","Endothelial activation index","Index",""
"HOMA_IR","HOMA_IR","HOMA-IR","Index",""
"SHR","SHR","Stress hyperglycemia ratio","Index",""
"UACR","UACR","Urine albumin-creatinine ratio","Index",""
"RFM","RFM","Relative fat mass","Index",""
"GNRI","GNRI","Geriatric nutritional risk index","Index",""
"METSIR","METSIR","METS-IR","Index",""
"AISI","AISI","Aggregate index of systemic inflammation","Index",""
"MHR","MHR","Monocyte to HDL ratio","Index",""
"CALLY","CALLY","C-reactive protein-albumin-lymphocyte index","Index",""
"CTI","CTI","C-reactive protein-triglyceride-glucose index","Index",""
"HALP","HALP","Hemoglobin-albumin-lymphocyte-platelet index","Index",""
"GLR","GLR","Glucose to lymphocyte ratio","Index",""
"ANLR","ANLR","Albumin to NLR ratio","Index",""
"NLPR","NLPR","Neutrophil-lymphocyte-platelet ratio","Index",""
"WPR","WPR","WBC to platelet ratio","Index",""
"RC","RC","Remnant cholesterol","Index",""
"NHDL","NHDL","Non-HDL cholesterol","Index",""
"AC","AC","Atherogenic coefficient","Index",""
"LCI","LCI","Lipoprotein combine index","Index",""
"CHG","CHG","Cholesterol-HDL-glucose index","Index",""
"HGI","HGI","Hemoglobin glycation index","Index",""
"GPR","GPR","Glucose to potassium ratio","Index",""
"De_Ritis","De_Ritis","De Ritis ratio (AST/ALT)","Index",""
"AGR","AGR","Albumin to globulin ratio","Index",""
"BAR","BAR","BUN to albumin ratio","Index",""
"LAR","LAR","LD to albumin ratio","Index",""
"log2LAR","log2LAR","log2 LD/albumin","Index",""
"CAR","CAR","Creatinine to albumin ratio","Index",""
"BUN_Cr","BUN_Cr","BUN to creatinine ratio","Index",""
"RAR","RAR","RDW to albumin ratio","Index",""
"HRR","HRR","Hemoglobin to RDW ratio","Index",""
"SOSM","SOSM","Serum osmolality","Index",""
"AIP_BMI","AIP_BMI","AIP-BMI","Index",""
"AIP_WC","AIP_WC","AIP-waist circumference","Index",""
"AIP_WHtR","AIP_WHtR","AIP-WHtR","Index",""
"TCBI","TCBI","Triglyceride-cholesterol-BMI index","Index",""
"WTI","WTI","Waist-triglyceride index","Index",""
"MCMI","MCMI","Metabolic composite index","Index",""
"eGDR","eGDR","Estimated glucose disposal rate","Index",""
"ZJU","ZJU","ZJU index","Index",""
"NMLR","NMLR","Neutrophil-monocyte to lymphocyte ratio","Index",""
"CLR","CLR","C-reactive protein to lymphocyte ratio","Index",""
"hs_CRP_HDL_C","hs_CRP_HDL_C","hs-CRP to HDL ratio","Index",""
"RCII","RCII","Remnant cholesterol inflammatory index","Index",""
"lnRCII","lnRCII","log remnant cholesterol inflammatory index","Index",""
"LHR","LHR","Lymphocyte to HDL ratio","Index",""
"HbA1c_HDL_C","HbA1c_HDL_C","HbA1c to HDL ratio","Index",""
"ALT_HDL_C","ALT_HDL_C","ALT to HDL ratio","Index",""
"UHR","UHR","Uric acid to HDL ratio","Index",""
"AFR","AFR","Fibrinogen to albumin ratio","Index",""
"MCH","MCH","Mean corpuscular hemoglobin","Index",""
"MCV","MCV","Mean corpuscular volume","Index",""
"MCHC","MCHC","Mean corpuscular hemoglobin concentration","Index",""
"RDW_CV","RDW_CV","Red cell distribution width","Index",""
"ACAG","ACAG","Albumin-corrected anion gap","Index",""
"ALI","ALI","Advanced lung cancer inflammation index","Index",""
"sdLDL_C","sdLDL_C","Small dense LDL cholesterol","Index",""
"FSI","FSI","Fatty liver score","Index",""
"METS_VF","METS_VF","METS-VF","Index",""
"CONUT_score","CONUT_score","CONUT score","Index",""
"HSI","HSI","Hepatic steatosis index","Index",""
"NFS","NFS","NAFLD fibrosis score","Index",""
"BMI","BMI","Body mass index","Index",""
